timestamp,fruit_id,scan_no,nm410,nm435,nm460,nm485,nm510,nm535,nm560,nm585,nm610,nm645,nm680,nm705,nm730,nm760,nm810,nm860,nm900,nm940,label,diameter_cm,rotasi_sensor,rotasi_buah,jarak_cm
2026-10-06T18:24:40.145,AMAN_035,1,48.107059,53.157322,65.99231,0.0,41.963131,13.230476,21.114994,96.430679,19.649796,85.401627,19.250612,13.763176,53.210464,43.120346,43.054317,41.714165,96.616898,117.934784,,,,,
2026-10-06T18:25:02.827,AMAN_035,2,17.418074,32.640461,67.877808,0.0,17.364056,13.230476,17.509996,52.735527,12.714574,49.221626,21.276993,13.34611,41.472862,44.81134,46.243526,45.190346,59.926937,83.724693,,,,,
2026-10-06T18:25:24.532,AMAN_035,3,24.05353,49.426983,97.10882974,0.0,20.981565,16.015841,11.844997,14.56505,12.714574,9.255348,22.290184,13.34611,53.99297,53.266312,51.02734,50.983978,23.236977,36.910885,,,,,
2026-10-06T18:25:56.144,AMAN_035,4,21.565233,45.696644,92.389236,0.0,19.534561,15.319499,10.814998,13.058321,12.714574,8.413953,21.276993,12.511978,52.427956,52.420815,50.230038,49.825253,22.625477,36.01062,,,,,
2026-10-06T18:26:13.866,AMAN_035,5,23.224098,27.044952,54.67889344,0.0,18.81106,12.534136,16.479996,282.26062,30.052628,299.116028,20.263803,18.767967,52.427956,48.193329,53.419247,50.983978,99.062897,256.575684,,,,,
2026-10-06T18:26:30.355,AMAN_035,6,28.200691,24.2472,49.965607,0.0,15.91705,11.141454,9.784998,33.650288,33.520241,41.228371,14.184662,12.929045,55.557983,44.81134,51.02734,47.507801,25.682974,48.614338,,,,,
2026-10-06T18:26:43.773,AMAN_035,7,14.100346,27.044952,56.56884838,0.0,15.193548,11.141454,11.329997,14.062807,10.402833,7.993256,19.250612,13.34611,39.12534,44.81134,50.230038,49.825253,21.402477,20.706106,,,,,
2026-10-06T18:27:00.770,AMAN_035,8,17.418074,31.707876,67.877808,0.0,15.193548,11.141454,8.754998,14.56505,10.402833,13.462325,13.171472,11.26078,42.255367,42.274849,44.648922,44.03162,20.790979,31.509293,,,,,
2026-10-06T18:28:27.889,AMAN_036,9,9.123753,14.921353,35.824398,0.0,12.299539,9.748772,11.329997,15.569536,10.402833,14.724418,18.237423,13.34611,35.212807,39.738361,49.432735,48.666527,21.402477,20.706106,,,,,
2026-10-06T18:28:59.024,AMAN_036,10,15.75921,20.516861,41.480881,29.246986,14.470046,11.837794,12.359997,16.574022,13.870444,16.407209,19.250612,13.34611,36.777821,40.583858,47.838131,46.349072,20.790979,25.207434,,,,,
2026-10-06T18:29:12.377,AMAN_036,11,45.618763,23.314615,40.538136,0.0,16.640553,11.141454,10.299997,14.56505,11.558703,26.503952,19.250612,12.511978,37.560329,38.892864,47.040829,45.190346,20.790979,29.708761,,,,,
2026-10-06T18:29:29.593,AMAN_036,12,14.100346,19.584276,38.65882637,26.505081,13.023041,11.141454,8.754998,10.547105,10.402833,7.15186,18.237423,10.843715,35.212807,38.047367,43.85162,42.87289,18.95648,18.905577,,,,,
2026-10-06T18:29:41.812,AMAN_036,13,15.75921,29.842707,54.679344,0.0,16.640553,13.926817,9.784998,11.551591,12.714574,7.993256,20.263803,11.677847,39.12534,43.965843,45.446224,46.349072,20.17948,21.606373,,,,,
2026-10-06T18:29:54.886,AMAN_036,14,17.418074,29.842707,52.79385,0.0,17.364056,13.926817,9.784998,13.058321,13.870444,15.986511,22.290184,13.34611,43.820381,48.193329,49.432735,49.825253,22.013977,25.207434,,,,,
2026-10-06T18:30:07.138,AMAN_036,15,15.75921,24.2472,45.251869,0.0,15.91705,12.534136,9.784998,17.578508,12.714574,31.973022,14.184662,12.094913,35.995316,38.892864,43.054317,42.87289,19.56798,23.406904,,,,,
2026-10-06T18:30:23.365,AMAN_036,16,10.782617,15.853938,37.70889892,0.0,13.023041,9.748772,10.814998,14.56505,10.402833,8.834651,17.224232,12.929045,32.865288,36.356373,46.243526,46.349072,20.17948,18.00531,,,,,
2026-10-06T18:31:12.849,AMAN_037,17,23.224098,21.449446,47.137363,0.0,15.91705,11.141454,13.904997,25.112156,13.870444,53.428604,14.184662,15.848506,37.560329,38.892864,52.621944,50.983978,24.459974,57.616993,,,,,
2026-10-06T18:31:25.128,AMAN_037,18,13.270913,20.516861,52.7889385,0.0,16.640553,12.534136,13.904997,19.085238,15.026314,22.296976,14.184662,14.597308,36.777821,38.892864,51.02734,48.666527,21.402477,34.210091,,,,,
2026-10-06T18:31:37.570,AMAN_037,19,55.571949,50.359566,55.622089,0.0,24.599077,14.623158,13.389997,17.578508,15.026314,11.358837,23.303373,15.43144,46.167904,44.81134,54.216549,50.983978,23.848475,32.409557,,,,,
2026-10-06T18:31:53.011,AMAN_037,20,16.588642,26.112368,53.736595,0.0,16.640553,12.534136,12.359997,16.071779,13.870444,9.676046,20.263803,13.763176,35.995316,38.047367,47.040829,45.190346,20.17948,22.506638,,,,,
2026-10-06T18:32:07.032,AMAN_037,21,19.90637,19.584276,41.480881,0.0,15.91705,10.445113,14.419996,51.228798,16.182184,51.325115,14.184662,15.43144,37.560329,38.892864,52.621944,48.666527,31.186468,55.816463,,,,,
2026-10-06T18:32:21.038,AMAN_037,22,28.200691,27.044952,42.42363,46.612385,21.705069,11.837794,14.934997,25.112156,15.026314,15.565813,19.250612,13.34611,33.647793,35.510876,45.446224,44.03162,20.17948,21.606373,,,,,
2026-10-06T18:32:46.022,AMAN_037,23,9.953185,17.719107,46.194618,30.160955,15.91705,12.534136,20.084995,39.174961,18.493925,27.766045,21.276993,16.682638,39.907848,42.274849,58.20306,54.460159,25.071474,24.307169,,,,,
2026-10-06T18:33:04.780,AMAN_037,24,11.612049,17.719107,43.366375,0.0,15.193548,11.837794,14.419996,20.591967,15.026314,18.09,19.250612,14.180243,36.777821,39.738361,51.02734,48.666527,21.402477,24.307169,,,,,
2026-10-06T18:33:43.866,AMAN_038,25,14.929777,27.977537,52.79385,0.0,18.087557,14.623158,14.419996,21.596453,16.182184,29.448835,22.290184,15.014374,41.472862,44.81134,51.02734,49.825253,22.625477,38.711418,,,,,
2026-10-06T18:34:01.556,AMAN_038,26,27.371258,27.044952,49.965607,0.0,18.087557,13.926817,13.904997,25.614399,16.182184,56.794186,22.290184,14.597308,41.472862,43.120346,49.432735,47.507801,22.625477,59.417522,,,,,
2026-10-06T18:34:15.780,AMAN_038,27,15.75921,24.2472,44.309124,0.0,15.91705,13.230476,12.359997,16.574022,13.870444,18.931395,14.184662,13.34611,38.342834,42.274849,48.635433,47.507801,20.790979,30.609028,,,,,
2026-10-06T18:34:27.426,AMAN_038,28,11.612049,21.449446,42.42363,0.0,15.91705,12.534136,14.934997,20.089724,15.026314,9.676046,20.263803,15.014374,39.12534,41.429352,53.419247,50.983978,22.625477,20.706106,,,,,
2026-10-06T18:34:40.702,AMAN_038,29,17.418074,24.2472,54.679344,0.0,18.087557,13.926817,13.904997,17.578508,16.182184,10.938139,17.224232,15.43144,38.342834,41.429352,51.824642,49.825253,22.013977,21.606373,,,,,
2026-10-06T18:34:53.853,AMAN_038,30,16.588642,20.516861,44.309124,0.0,15.193548,11.837794,10.299997,15.569536,12.714574,27.766045,21.276993,14.180243,36.777821,38.892864,46.243526,45.190346,21.402477,35.110355,,,,,
2026-10-06T18:35:11.333,AMAN_038,31,10.782617,21.449446,48.080112,0.0,16.640553,13.230476,13.389997,17.578508,15.026314,15.986511,21.276993,14.180243,36.777821,38.892864,48.635433,47.507801,20.790979,23.406904,,,,,
2026-10-06T18:35:21.753,AMAN_038,32,10.782617,22.38203,46.194618,28.333017,16.640553,13.230476,15.449996,20.591967,15.026314,10.517442,21.276993,14.597308,38.342834,41.429352,51.02734,49.825253,22.013977,19.805841,,,,,
2026-10-06T18:36:12.214,AMAN_039,33,13.270913,16.786522,39.595387,0.0,14.470046,11.837794,13.389997,17.076265,15.026314,9.255348,20.263803,13.34611,34.430302,38.047367,48.635433,46.349072,19.56798,18.00531,,,,,
2026-10-06T18:36:24.945,AMAN_039,34,11.612049,15.853938,41.48880881,0.0,14.470046,11.141454,18.024996,25.112156,16.182184,17.669302,19.250612,13.34611,34.430302,34.665379,46.243526,44.03162,20.17948,27.007965,,,,,
2026-10-06T18:36:37.162,AMAN_039,35,23.224098,21.449446,38.652637,39.300636,18.087557,10.445113,16.479996,21.596453,18.493925,11.779534,19.250612,14.180243,35.995316,34.665379,52.621944,46.349072,19.56798,21.606373,,,,,
2026-10-06T18:36:49.530,AMAN_039,36,20.735802,16.786522,41.480881,0.0,16.640553,11.141454,20.084995,25.112156,17.338055,13.883022,19.250612,14.597308,35.212807,35.510876,52.621944,47.507801,20.790979,23.406904,,,,,
2026-10-06T18:37:01.950,AMAN_039,37,9.123753,13.056184,42.42363,28.333017,13.746543,9.052431,22.659994,30.134586,16.182184,12.62093,19.250612,14.180243,33.647793,36.356373,51.824642,47.507801,20.17948,18.00531,,,,,
2026-10-06T18:37:12.995,AMAN_039,38,9.953185,13.988769,39.59885387,0.0,13.746543,10.445113,14.934997,18.582994,15.026314,9.676046,12.158282,13.763176,31.300274,33.819881,47.040829,44.03162,19.56798,17.105045,,,,,
2026-10-06T18:37:25.626,AMAN_039,39,9.953185,13.056184,40.538136,28.333017,13.023041,10.445113,12.874997,15.569536,13.870444,11.779534,18.237423,12.929045,32.082779,34.665379,47.040829,45.190346,18.95648,19.805841,,,,,
2026-10-06T18:37:38.125,AMAN_039,40,9.123753,13.056184,40.538136,0.0,13.746543,10.445113,19.569996,35.65926,16.182184,24.821161,18.237423,13.763176,32.082779,33.819881,49.432735,45.190346,25.682974,33.309826,,,,,
2026-10-06T18:38:04.680,AMAN_040,41,9.123753,13.056184,39.595387,0.0,15.193548,9.748772,26.264994,34.152531,23.117407,14.30372,19.250612,15.848506,35.995316,39.738361,62.189571,53.301434,23.236977,19.805841,,,,,
2026-10-06T18:38:17.928,AMAN_040,42,7.464889,13.988769,43.36886375,0.0,14.470046,11.141454,25.234993,31.139072,17.338055,12.200233,19.250612,13.763176,30.517767,33.819881,49.432735,45.190346,18.95648,16.204779,,,,,
2026-10-06T18:38:32.326,AMAN_040,43,8.294321,13.056184,47.137363,0.0,15.91705,11.837794,23.689995,30.134586,24.273277,13.883022,20.263803,16.265572,35.995316,38.047367,60.594967,52.142708,22.013977,18.905577,,,,,
2026-10-06T18:38:46.794,AMAN_040,44,9.123753,13.056184,49.96885607,0.0,15.193548,11.141454,19.569996,24.609913,16.182184,14.724418,19.250612,14.180243,30.517767,32.974384,47.838131,44.03162,18.95648,21.606373,,,,,
2026-10-06T18:39:02.108,AMAN_040,45,8.294321,13.056184,42.42363,0.0,14.470046,11.141454,18.539995,24.10767,17.338055,13.883022,14.184662,16.265572,33.647793,36.356373,54.216549,49.825253,21.402477,21.606373,,,,,
2026-10-06T18:39:14.824,AMAN_040,46,7.464889,12.1236,43.36886375,0.0,15.193548,11.141454,25.234993,31.139072,19.649796,12.62093,14.184662,15.43144,33.647793,37.20187,55.811153,49.825253,20.790979,17.105045,,,,,
2026-10-06T18:39:38.782,AMAN_040,47,13.270913,14.921353,40.538136,0.0,29.663593,13.926817,60.254986,102.959839,123.678123,58.056278,26.342943,29.194616,72.773132,60.875786,321.312775,110.079048,48.919949,38.711418,,,,,
2026-10-06T18:39:51.005,AMAN_040,48,9.123753,13.056184,39.595387,0.0,15.193548,10.445113,30.384993,42.690662,27.740889,17.248604,19.250612,15.014374,34.430302,38.047367,61.392269,50.983978,22.013977,18.905577,,,,,
2026-10-06T18:41:24.396,AMAN_041,49,13.270913,16.786522,44.309124,0.0,18.087557,12.534136,24.719994,117.022644,23.117407,126.209297,22.290184,19.185034,43.820381,44.81134,66.176079,59.095066,111.904381,178.252579,,,,,
2026-10-06T18:41:36.226,AMAN_041,50,11.612049,18.651691,60.335827,0.0,17.364056,12.534136,20.084995,25.614399,16.182184,14.724418,16.211042,14.597308,35.212807,36.356373,48.635433,46.349072,22.013977,23.406904,,,,,
2026-10-06T18:41:45.976,AMAN_041,51,9.953185,17.719107,49.022858,0.0,18.087557,12.534136,30.384993,47.21085,36.98785,28.186743,25.329754,19.185034,38.342834,41.429352,69.365288,56.777615,25.682974,25.207434,,,,,
2026-10-06T18:41:56.239,AMAN_041,52,53.913086,47.561813,42.4882363,0.0,36.898617,12.534136,22.144995,57.255714,24.273277,69.835808,15.197852,17.933836,58.688011,41.429352,62.986874,55.618889,44.027954,99.029205,,,,,
2026-10-06T18:42:08.969,AMAN_041,53,17.418074,19.584276,41.480881,0.0,17.364056,11.837794,28.839993,82.367867,25.429148,93.394882,21.276993,18.767967,44.60289,41.429352,65.378777,56.777615,71.545425,132.339035,,,,,
2026-10-06T18:42:22.648,AMAN_041,54,14.100346,17.719107,49.022858,0.0,18.81106,12.534136,39.139992,55.246742,34.676109,24.400465,22.290184,17.933836,42.255367,43.120346,71.757195,57.93634,25.682974,24.307169,,,,,
2026-10-06T18:42:36.558,AMAN_041,55,9.953185,15.853938,49.022858,37.472702,18.81106,11.837794,40.68499,61.273659,40.45546,29.448835,23.303373,19.6021,42.255367,45.656837,81.324821,60.253796,28.740471,24.307169,,,,,
2026-10-06T18:42:46.831,AMAN_041,56,15.75921,18.651691,44.309124,0.0,21.705069,11.837794,36.049992,55.246742,42.7672,27.766045,16.211042,20.019165,43.820381,43.965843,84.51403,63.729973,29.351971,27.908232,,,,,
2026-10-06T18:43:15.673,AMAN_042,57,13.270913,21.449446,49.022858,0.0,18.087557,12.534136,22.659994,46.206364,25.429148,31.131626,17.224232,17.516769,41.472862,43.965843,60.594967,54.460159,26.905972,31.509293,,,,,
2026-10-06T18:43:57.990,AMAN_042,59,14.100346,18.651691,49.965607,0.0,16.640553,10.445113,19.569996,35.157017,19.649796,23.979767,23.303373,16.682638,43.820381,43.120346,57.405758,53.301434,26.905972,30.609028,,,,,
2026-10-06T18:44:13.511,AMAN_042,60,11.612049,20.516861,46.194618,0.0,16.640553,12.534136,16.994995,33.148045,17.338055,22.296976,16.211042,15.014374,37.560329,41.429352,52.621944,49.825253,22.625477,25.207434,,,,,
2026-10-06T18:44:27.599,AMAN_042,61,22.394667,21.449446,42.42363,42.956512,18.81106,11.837794,23.689995,57.255714,26.585018,58.056278,21.276993,17.099705,48.515423,43.120346,61.392269,54.460159,36.078465,74.722038,,,,,
2026-10-06T18:44:40.142,AMAN_042,62,39.81274,53.157322,74.477036,0.0,26.769585,16.015841,13.389997,16.574022,17.338055,11.779534,18.237423,14.597308,54.775478,49.884323,52.621944,49.825253,22.625477,37.811153,,,,,
2026-10-06T18:44:55.200,AMAN_042,63,36.49501,42.898891,65.049561,0.0,28.940092,14.623158,13.389997,20.591967,16.182184,17.248604,22.290184,14.180243,39.12534,41.429352,48.635433,46.349072,22.625477,36.910885,,,,,
2026-10-06T18:45:10.472,AMAN_042,64,14.100346,24.2472,53.736595,0.0,18.087557,14.623158,13.904997,17.076265,17.338055,10.517442,24.316565,14.180243,41.472862,43.120346,50.230038,47.507801,20.17948,22.506638,,,,,
2026-10-06T18:45:23.338,AMAN_042,65,12.441481,24.2472,58.450333,0.0,18.087557,13.926817,16.994995,24.609913,17.338055,13.041628,17.224232,14.180243,35.212807,38.892864,47.838131,45.190346,20.17948,19.805841,,,,,
2026-10-06T18:46:03.744,AMAN_043,66,14.929777,25.179783,55.622089,31.074923,18.087557,13.926817,14.934997,18.582994,16.182184,10.096744,23.303373,15.014374,41.472862,44.81134,52.621944,50.983978,22.013977,23.406904,,,,,
2026-10-06T18:46:28.157,AMAN_043,67,11.612049,23.314615,60.335827,0.0,18.81106,14.623158,15.449996,21.09421,18.493925,14.30372,24.316565,15.848506,39.907848,43.120346,52.621944,49.825253,22.013977,23.406904,,,,,
2026-10-06T18:46:43.230,AMAN_043,68,16.588642,19.584276,56.564838,0.0,19.534561,13.230476,18.539995,26.618885,23.117407,18.09,25.329754,17.933836,39.907848,41.429352,57.405758,52.142708,23.236977,24.307169,,,,,
2026-10-06T18:46:55.466,AMAN_043,69,9.953185,18.651691,49.022858,0.0,18.087557,13.926817,21.114994,28.627857,21.961536,15.145116,17.224232,18.767967,39.907848,42.274849,59.000362,54.460159,23.848475,20.706106,,,,,
2026-10-06T18:47:08.248,AMAN_043,70,12.441481,16.786522,45.28851869,0.0,17.364056,13.230476,23.174994,34.654774,20.805666,21.034883,23.303373,17.516769,38.342834,40.583858,56.608456,53.301434,23.236977,26.1077,,,,,
2026-10-06T18:47:31.042,AMAN_043,71,10.782617,14.921353,37.709892,0.0,15.91705,11.837794,21.114994,30.134586,20.805666,18.510696,22.290184,18.350903,40.690353,43.120346,62.189571,56.777615,24.459974,24.307169,,,,,
2026-10-06T18:47:42.071,AMAN_043,72,13.270913,14.921353,44.309124,0.0,16.640553,11.837794,27.809994,40.179447,21.961536,18.09,21.276993,17.516769,40.690353,43.120346,63.784176,56.777615,25.071474,21.606373,,,,,
2026-10-06T18:47:52.769,AMAN_043,73,8.294321,13.988769,41.480881,0.0,17.364056,10.445113,32.444992,50.726555,35.831982,24.400465,16.211042,19.185034,46.950409,46.502335,80.527519,64.888702,27.517471,22.506638,,,,,
