sampel,titik,diameter_cm
BOSOK_32,A,7.5
BOSOK_32,B,7.5
BOSOK_32,C,7.5
BOSOK_32,D,8.0
BOSOK_32,E,7.5
BOSOK_32,F,7.5
BOSOK_32,G,7.5
BOSOK_32,H,7.5
BOSOK_33,A,8.0
BOSOK_33,B,8.0
BOSOK_33,C,8.0
BOSOK_33,D,8.0
BOSOK_33,E,8.0
BOSOK_33,F,8.0
BOSOK_33,G,8.0
BOSOK_33,H,8.0
BOSOK_34,A,7.5
BOSOK_34,B,7.0
BOSOK_34,C,7.5
BOSOK_34,D,6.5
BOSOK_34,E,7.0
BOSOK_34,F,7.0
BOSOK_34,G,7.0
BOSOK_34,H,6.5
BOSOK_35,A,7.0
BOSOK_35,B,7.0
BOSOK_35,C,7.5
BOSOK_35,D,7.5
BOSOK_35,E,7.5
BOSOK_35,F,7.5
BOSOK_35,G,7.5
BOSOK_35,H,7.5
BOSOK_36,A,7.5
BOSOK_36,B,7.0
BOSOK_36,C,7.0
BOSOK_36,D,7.0
BOSOK_36,E,7.5
BOSOK_36,F,7.0
BOSOK_36,G,7.0
BOSOK_36,H,7.0
BOSOK_37,A,7.0
BOSOK_37,B,7.0
BOSOK_37,C,6.5
BOSOK_37,D,7.0
BOSOK_37,E,7.0
BOSOK_37,F,6.5
BOSOK_37,G,7.0
BOSOK_37,H,7.0
BOSOK_38,A,8.0
BOSOK_38,B,8.0
BOSOK_38,C,7.0
BOSOK_38,D,7.0
BOSOK_38,E,8.0
BOSOK_38,F,8.0
BOSOK_38,G,7.0
BOSOK_38,H,7.0